{"cameraMode":{"drawMode":0,"name":"Shaded","section":"Shading Mode"},"sceneLighting":true,"audioPlay":false,"sceneViewState":{"m_AlwaysRefresh":false,"showFog":true,"showSkybox":true,"showFlares":true,"showImageEffects":true,"showParticleSystems":true,"showVisualEffectGraphs":true,"m_FxEnabled":true},"in2DMode":false,"pivot":{"x":1.2082300186157227,"y":0.19228649139404298,"z":-1.2421150207519532},"rotation":{"x":-0.07706750929355622,"y":0.914893627166748,"z":-0.2096947580575943,"w":-0.3362438380718231},"size":11.894155502319336,"orthographic":false}